Time,signal1,signal2,signal3
0,0,1,0
0.01,0.00999983,0.99995,0.005
0.02,0.0199987,0.9998,0.01
0.03,0.0299955,0.99955,0.015
0.04,0.0399893,0.9992,0.02
0.05,0.0499792,0.99875,0.025
0.06,0.059964,0.998201,0.03
0.07,0.0699428,0.997551,0.035
0.08,0.0799147,0.996802,0.04
0.09,0.0898785,0.995953,0.045
0.1,0.0998334,0.995004,0.05
0.11,0.109778,0.993956,0.055
0.12,0.119712,0.992809,0.06
0.13,0.129634,0.991562,0.065
0.14,0.139543,0.990216,0.07
0.15,0.149438,0.988771,0.075
0.16,0.159318,0.987227,0.08
0.17,0.169182,0.985585,0.085
0.18,0.17903,0.983844,0.09
0.19,0.188859,0.982004,0.095
0.2,0.198669,0.980067,0.1
0.21,0.20846,0.978031,0.105
0.22,0.21823,0.975897,0.11
0.23,0.227978,0.973666,0.115
0.24,0.237703,0.971338,0.12
0.25,0.247404,0.968912,0.125
0.26,0.257081,0.96639,0.13
0.27,0.266731,0.963771,0.135
0.28,0.276356,0.961055,0.14
0.29,0.285952,0.958244,0.145
0.3,0.29552,0.955336,0.15
0.31,0.305059,0.952334,0.155
0.32,0.314567,0.949235,0.16
0.33,0.324043,0.946042,0.165
0.34,0.333487,0.942755,0.17
0.35,0.342898,0.939373,0.175
0.36,0.352274,0.935897,0.18
0.37,0.361615,0.932327,0.185
0.38,0.37092,0.928665,0.19
0.39,0.380188,0.924909,0.195
0.4,0.389418,0.921061,0.2
0.41,0.398609,0.917121,0.205
0.42,0.40776,0.913089,0.21
0.43,0.416871,0.908966,0.215
0.44,0.425939,0.904752,0.22
0.45,0.434966,0.900447,0.225
0.46,0.443948,0.896052,0.23
0.47,0.452886,0.891568,0.235
0.48,0.461779,0.886995,0.24
0.49,0.470626,0.882333,0.245
0.5,0.479426,0.877583,0.25
0.51,0.488177,0.872745,0.255
0.52,0.49688,0.867819,0.26
0.53,0.505533,0.862807,0.265
0.54,0.514136,0.857709,0.27
0.55,0.522687,0.852525,0.275
0.56,0.531186,0.847255,0.28
0.57,0.539632,0.841901,0.285
0.58,0.548024,0.836463,0.29
0.59,0.556361,0.830941,0.295
0.6,0.564642,0.825336,0.3
0.61,0.572867,0.819648,0.305
0.62,0.581035,0.813878,0.31
0.63,0.589145,0.808028,0.315
0.64,0.597195,0.802096,0.32
0.65,0.605186,0.796084,0.325
0.66,0.613117,0.789992,0.33
0.67,0.620986,0.783822,0.335
0.68,0.628793,0.777573,0.34
0.69,0.636537,0.771246,0.345
0.7,0.644218,0.764842,0.35
0.71,0.651834,0.758362,0.355
0.72,0.659385,0.751806,0.36
0.73,0.66687,0.745174,0.365
0.74,0.674288,0.738469,0.37
0.75,0.681639,0.731689,0.375
0.76,0.688921,0.724836,0.38
0.77,0.696135,0.717911,0.385
0.78,0.703279,0.710914,0.39
0.79,0.710353,0.703845,0.395
0.8,0.717356,0.696707,0.4
0.81,0.724287,0.689498,0.405
0.82,0.731146,0.682221,0.41
0.83,0.737931,0.674876,0.415
0.84,0.744643,0.667463,0.42
0.85,0.75128,0.659983,0.425
0.86,0.757843,0.652437,0.43
0.87,0.764329,0.644827,0.435
0.88,0.770739,0.637151,0.44
0.89,0.777072,0.629412,0.445
0.9,0.783327,0.62161,0.45
0.91,0.789504,0.613746,0.455
0.92,0.795602,0.60582,0.46
0.93,0.80162,0.597834,0.465
0.94,0.807558,0.589788,0.47
0.95,0.813416,0.581683,0.475
0.96,0.819192,0.57352,0.48
0.97,0.824886,0.5653,0.485
0.98,0.830497,0.557023,0.49
0.99,0.836026,0.54869,0.495
1,0.841471,0.540302,0.5
1.01,0.846832,0.531861,0.505
1.02,0.852108,0.523366,0.51
1.03,0.857299,0.514819,0.515
1.04,0.862404,0.50622,0.52
1.05,0.867423,0.497571,0.525
1.06,0.872355,0.488872,0.53
1.07,0.877201,0.480124,0.535
1.08,0.881958,0.471328,0.54
1.09,0.886627,0.462485,0.545
1.1,0.891207,0.453596,0.55
1.11,0.895699,0.444662,0.555
1.12,0.9001,0.435682,0.56
1.13,0.904412,0.42666,0.565
1.14,0.908633,0.417595,0.57
1.15,0.912764,0.408487,0.575
1.16,0.916803,0.39934,0.58
1.17,0.920751,0.390152,0.585
1.18,0.924606,0.380925,0.59
1.19,0.928369,0.37166,0.595
1.2,0.932039,0.362358,0.6
1.21,0.935616,0.353019,0.605
1.22,0.939099,0.343646,0.61
1.23,0.942489,0.334238,0.615
1.24,0.945784,0.324796,0.62
1.25,0.948985,0.315322,0.625
1.26,0.95209,0.305817,0.63
1.27,0.955101,0.296281,0.635
1.28,0.958016,0.286715,0.64
1.29,0.960835,0.277121,0.645
1.3,0.963558,0.267499,0.65
1.31,0.966185,0.25785,0.655
1.32,0.968715,0.248175,0.66
1.33,0.971148,0.238476,0.665
1.34,0.973485,0.228753,0.67
1.35,0.975723,0.219007,0.675
1.36,0.977865,0.209239,0.68
1.37,0.979908,0.19945,0.685
1.38,0.981854,0.189641,0.69
1.39,0.983701,0.179813,0.695
1.4,0.98545,0.169967,0.7
1.41,0.9871,0.160104,0.705
1.42,0.988652,0.150225,0.71
1.43,0.990105,0.140332,0.715
1.44,0.991458,0.130424,0.72
1.45,0.992713,0.120503,0.725
1.46,0.993868,0.11057,0.73
1.47,0.994924,0.100626,0.735
1.48,0.995881,0.0906716,0.74
1.49,0.996738,0.0807084,0.745
1.5,0.997495,0.0707372,0.75
1.51,0.998152,0.0607589,0.755
1.52,0.99871,0.0507745,0.76
1.53,0.999168,0.040785,0.765
1.54,0.999526,0.0307915,0.77
1.55,0.999784,0.0207948,0.775
1.56,0.999942,0.0107961,0.78
1.57,1,0.000796327,0.785
1.58,0.999958,-0.00920354,0.79
1.59,0.999816,-0.0192025,0.795
1.6,0.999574,-0.0291995,0.8
1.61,0.999232,-0.0391936,0.805
1.62,0.99879,-0.0491838,0.81
1.63,0.998248,-0.0591691,0.815
1.64,0.997606,-0.0691484,0.82
1.65,0.996865,-0.0791209,0.825
1.66,0.996024,-0.0890854,0.83
1.67,0.995083,-0.099041,0.835
1.68,0.994043,-0.108987,0.84
1.69,0.992904,-0.118922,0.845
1.7,0.991665,-0.128844,0.85
1.71,0.990327,-0.138755,0.855
1.72,0.98889,-0.148651,0.86
1.73,0.987354,-0.158532,0.865
1.74,0.985719,-0.168397,0.87
1.75,0.983986,-0.178246,0.875
1.76,0.982154,-0.188077,0.88
1.77,0.980224,-0.197889,0.885
1.78,0.978197,-0.207681,0.89
1.79,0.976071,-0.217452,0.895
1.8,0.973848,-0.227202,0.9
1.81,0.971527,-0.236929,0.905
1.82,0.969109,-0.246632,0.91
1.83,0.966594,-0.256311,0.915
1.84,0.963983,-0.265964,0.92
1.85,0.961275,-0.27559,0.925
1.86,0.958471,-0.285189,0.93
1.87,0.955572,-0.294759,0.935
1.88,0.952576,-0.3043,0.94
1.89,0.949486,-0.313811,0.945
1.9,0.9463,-0.32329,0.95
1.91,0.94302,-0.332736,0.955
1.92,0.939645,-0.34215,0.96
1.93,0.936177,-0.351529,0.965
1.94,0.932615,-0.360873,0.97
1.95,0.92896,-0.370181,0.975
1.96,0.925212,-0.379452,0.98
1.97,0.921371,-0.388685,0.985
1.98,0.917438,-0.397879,0.99
1.99,0.913413,-0.407033,0.995
2,0.909297,-0.416147,1
2.01,0.905091,-0.425219,1.005
2.02,0.900793,-0.434248,1.01
2.03,0.896406,-0.443234,1.015
2.04,0.891929,-0.452176,1.02
2.05,0.887362,-0.461073,1.025
2.06,0.882707,-0.469923,1.03
2.07,0.877964,-0.478727,1.035
2.08,0.873133,-0.487482,1.04
2.09,0.868215,-0.496189,1.045
2.1,0.863209,-0.504846,1.05
2.11,0.858118,-0.513453,1.055
2.12,0.85294,-0.522008,1.06
2.13,0.847678,-0.530511,1.065
2.14,0.84233,-0.538961,1.07
2.15,0.836899,-0.547358,1.075
2.16,0.831383,-0.555699,1.08
2.17,0.825785,-0.563985,1.085
2.18,0.820104,-0.572215,1.09
2.19,0.814341,-0.580387,1.095
2.2,0.808496,-0.588501,1.1
2.21,0.802571,-0.596557,1.105
2.22,0.796565,-0.604552,1.11
2.23,0.79048,-0.612488,1.115
2.24,0.784316,-0.620362,1.12
2.25,0.778073,-0.628174,1.125
2.26,0.771753,-0.635923,1.13
2.27,0.765355,-0.643608,1.135
2.28,0.758881,-0.65123,1.14
2.29,0.752331,-0.658786,1.145
2.3,0.745705,-0.666276,1.15
2.31,0.739005,-0.6737,1.155
2.32,0.732231,-0.681056,1.16
2.33,0.725384,-0.688344,1.165
2.34,0.718465,-0.695563,1.17
2.35,0.711473,-0.702713,1.175
2.36,0.704411,-0.709793,1.18
2.37,0.697278,-0.716801,1.185
2.38,0.690075,-0.723738,1.19
2.39,0.682803,-0.730602,1.195
2.4,0.675463,-0.737394,1.2
2.41,0.668056,-0.744111,1.205
2.42,0.660581,-0.750755,1.21
2.43,0.653041,-0.757323,1.215
2.44,0.645435,-0.763815,1.22
2.45,0.637765,-0.770231,1.225
2.46,0.630031,-0.77657,1.23
2.47,0.622234,-0.782832,1.235
2.48,0.614374,-0.789015,1.24
2.49,0.606454,-0.795119,1.245
2.5,0.598472,-0.801144,1.25
2.51,0.590431,-0.807088,1.255
2.52,0.582331,-0.812952,1.26
2.53,0.574172,-0.818735,1.265
2.54,0.565956,-0.824435,1.27
2.55,0.557684,-0.830054,1.275
2.56,0.549355,-0.835589,1.28
2.57,0.540972,-0.84104,1.285
2.58,0.532535,-0.846408,1.29
2.59,0.524044,-0.851691,1.295
2.6,0.515501,-0.856889,1.3
2.61,0.506907,-0.862001,1.305
2.62,0.498262,-0.867027,1.31
2.63,0.489567,-0.871966,1.315
2.64,0.480823,-0.876818,1.32
2.65,0.472031,-0.881582,1.325
2.66,0.463191,-0.886258,1.33
2.67,0.454306,-0.890846,1.335
2.68,0.445375,-0.895344,1.34
2.69,0.436399,-0.899753,1.345
2.7,0.42738,-0.904072,1.35
2.71,0.418318,-0.908301,1.355
2.72,0.409214,-0.912438,1.36
2.73,0.400069,-0.916485,1.365
2.74,0.390885,-0.92044,1.37
2.75,0.381661,-0.924302,1.375
2.76,0.372399,-0.928073,1.38
2.77,0.3631,-0.93175,1.385
2.78,0.353764,-0.935335,1.39
2.79,0.344393,-0.938825,1.395
2.8,0.334988,-0.942222,1.4
2.81,0.325549,-0.945525,1.405
2.82,0.316078,-0.948733,1.41
2.83,0.306575,-0.951847,1.415
2.84,0.297041,-0.954865,1.42
2.85,0.287478,-0.957787,1.425
2.86,0.277886,-0.960614,1.43
2.87,0.268266,-0.963345,1.435
2.88,0.258619,-0.965979,1.44
2.89,0.248947,-0.968517,1.445
2.9,0.239249,-0.970958,1.45
2.91,0.229528,-0.973302,1.455
2.92,0.219784,-0.975549,1.46
2.93,0.210017,-0.977698,1.465
2.94,0.20023,-0.979749,1.47
2.95,0.190423,-0.981702,1.475
2.96,0.180596,-0.983557,1.48
2.97,0.170752,-0.985314,1.485
2.98,0.16089,-0.986972,1.49
2.99,0.151013,-0.988532,1.495
3,0.14112,-0.989992,1.5
3.01,0.131213,-0.991354,1.505
3.02,0.121293,-0.992617,1.51
3.03,0.111361,-0.99378,1.515
3.04,0.101418,-0.994844,1.52
3.05,0.0914646,-0.995808,1.525
3.06,0.0815022,-0.996673,1.53
3.07,0.0715315,-0.997438,1.535
3.08,0.0615537,-0.998104,1.54
3.09,0.0515698,-0.998669,1.545
3.1,0.0415807,-0.999135,1.55
3.11,0.0315874,-0.999501,1.555
3.12,0.021591,-0.999767,1.56
3.13,0.0115924,-0.999933,1.565
3.14,0.00159265,-0.999999,1.57
3.15,-0.00840725,-0.999965,1.575
3.16,-0.0184063,-0.999831,1.58
3.17,-0.0284035,-0.999597,1.585
3.18,-0.0383979,-0.999263,1.59
3.19,-0.0483884,-0.998829,1.595
3.2,-0.0583741,-0.998295,1.6
3.21,-0.068354,-0.997661,1.605
3.22,-0.078327,-0.996928,1.61
3.23,-0.0882922,-0.996095,1.615
3.24,-0.0982486,-0.995162,1.62
3.25,-0.108195,-0.99413,1.625
3.26,-0.118131,-0.992998,1.63
3.27,-0.128055,-0.991767,1.635
3.28,-0.137966,-0.990437,1.64
3.29,-0.147863,-0.989008,1.645
3.3,-0.157746,-0.98748,1.65
3.31,-0.167612,-0.985853,1.655
3.32,-0.177462,-0.984128,1.66
3.33,-0.187295,-0.982304,1.665
3.34,-0.197108,-0.980382,1.67
3.35,-0.206902,-0.978362,1.675
3.36,-0.216675,-0.976244,1.68
3.37,-0.226427,-0.974028,1.685
3.38,-0.236155,-0.971715,1.69
3.39,-0.245861,-0.969305,1.695
3.4,-0.255541,-0.966798,1.7
3.41,-0.265196,-0.964194,1.705
3.42,-0.274825,-0.961494,1.71
3.43,-0.284426,-0.958698,1.715
3.44,-0.293998,-0.955806,1.72
3.45,-0.303542,-0.952818,1.725
3.46,-0.313054,-0.949735,1.73
3.47,-0.322536,-0.946557,1.735
3.48,-0.331985,-0.943285,1.74
3.49,-0.341401,-0.939918,1.745
3.5,-0.350783,-0.936457,1.75
3.51,-0.36013,-0.932902,1.755
3.52,-0.369441,-0.929254,1.76
3.53,-0.378715,-0.925513,1.765
3.54,-0.387951,-0.92168,1.77
3.55,-0.397148,-0.917755,1.775
3.56,-0.406306,-0.913737,1.78
3.57,-0.415423,-0.909629,1.785
3.58,-0.424498,-0.905429,1.79
3.59,-0.433531,-0.901139,1.795
3.6,-0.44252,-0.896758,1.8
3.61,-0.451466,-0.892288,1.805
3.62,-0.460366,-0.887729,1.81
3.63,-0.46922,-0.883081,1.815
3.64,-0.478027,-0.878345,1.82
3.65,-0.486787,-0.873521,1.825
3.66,-0.495497,-0.868609,1.83
3.67,-0.504159,-0.863611,1.835
3.68,-0.512769,-0.858526,1.84
3.69,-0.521329,-0.853356,1.845
3.7,-0.529836,-0.8481,1.85
3.71,-0.538291,-0.842759,1.855
3.72,-0.546691,-0.837334,1.86
3.73,-0.555037,-0.831826,1.865
3.74,-0.563327,-0.826234,1.87
3.75,-0.571561,-0.820559,1.875
3.76,-0.579738,-0.814803,1.88
3.77,-0.587857,-0.808965,1.885
3.78,-0.595917,-0.803046,1.89
3.79,-0.603918,-0.797047,1.895
3.8,-0.611858,-0.790968,1.9
3.81,-0.619737,-0.78481,1.905
3.82,-0.627554,-0.778573,1.91
3.83,-0.635308,-0.772259,1.915
3.84,-0.642999,-0.765867,1.92
3.85,-0.650625,-0.759399,1.925
3.86,-0.658186,-0.752855,1.93
3.87,-0.665682,-0.746236,1.935
3.88,-0.673111,-0.739542,1.94
3.89,-0.680473,-0.732774,1.945
3.9,-0.687766,-0.725932,1.95
3.91,-0.694991,-0.719018,1.955
3.92,-0.702146,-0.712033,1.96
3.93,-0.709231,-0.704976,1.965
3.94,-0.716246,-0.697848,1.97
3.95,-0.723188,-0.690651,1.975
3.96,-0.730058,-0.683385,1.98
3.97,-0.736856,-0.67605,1.985
3.98,-0.743579,-0.668648,1.99
3.99,-0.750228,-0.661179,1.995
4,-0.756802,-0.653644,2
4.01,-0.763301,-0.646043,2.005
4.02,-0.769723,-0.638378,2.01
4.03,-0.776068,-0.630649,2.015
4.04,-0.782336,-0.622857,2.02
4.05,-0.788525,-0.615002,2.025
4.06,-0.794636,-0.607087,2.03
4.07,-0.800667,-0.59911,2.035
4.08,-0.806618,-0.591073,2.04
4.09,-0.812488,-0.582978,2.045
4.1,-0.818277,-0.574824,2.05
4.11,-0.823984,-0.566613,2.055
4.12,-0.829609,-0.558345,2.06
4.13,-0.835151,-0.550021,2.065
4.14,-0.840609,-0.541642,2.07
4.15,-0.845984,-0.533209,2.075
4.16,-0.851273,-0.524722,2.08
4.17,-0.856478,-0.516184,2.085
4.18,-0.861597,-0.507593,2.09
4.19,-0.86663,-0.498952,2.095
4.2,-0.871576,-0.490261,2.1
4.21,-0.876435,-0.481521,2.105
4.22,-0.881206,-0.472732,2.11
4.23,-0.885889,-0.463897,2.115
4.24,-0.890484,-0.455015,2.12
4.25,-0.894989,-0.446087,2.125
4.26,-0.899405,-0.437115,2.13
4.27,-0.903732,-0.4281,2.135
4.28,-0.907967,-0.419041,2.14
4.29,-0.912112,-0.409941,2.145
4.3,-0.916166,-0.400799,2.15
4.31,-0.920128,-0.391618,2.155
4.32,-0.923998,-0.382397,2.16
4.33,-0.927776,-0.373138,2.165
4.34,-0.931461,-0.363842,2.17
4.35,-0.935053,-0.354509,2.175
4.36,-0.938551,-0.345141,2.18
4.37,-0.941955,-0.335738,2.185
4.38,-0.945266,-0.326302,2.19
4.39,-0.948481,-0.316833,2.195
4.4,-0.951602,-0.307333,2.2
4.41,-0.954628,-0.297802,2.205
4.42,-0.957558,-0.288241,2.21
4.43,-0.960392,-0.278651,2.215
4.44,-0.963131,-0.269033,2.22
4.45,-0.965773,-0.259389,2.225
4.46,-0.968319,-0.249718,2.23
4.47,-0.970767,-0.240022,2.235
4.48,-0.973119,-0.230303,2.24
4.49,-0.975373,-0.22056,2.245
4.5,-0.97753,-0.210796,2.25
4.51,-0.979589,-0.20101,2.255
4.52,-0.98155,-0.191204,2.26
4.53,-0.983413,-0.181379,2.265
4.54,-0.985178,-0.171536,2.27
4.55,-0.986844,-0.161676,2.275
4.56,-0.988411,-0.1518,2.28
4.57,-0.98988,-0.141908,2.285
4.58,-0.991249,-0.132003,2.29
4.59,-0.99252,-0.122084,2.295
4.6,-0.993691,-0.112153,2.3
4.61,-0.994763,-0.10221,2.305
4.62,-0.995735,-0.0922576,2.31
4.63,-0.996608,-0.0822958,2.315
4.64,-0.997381,-0.0723258,2.32
4.65,-0.998054,-0.0623485,2.325
4.66,-0.998628,-0.052365,2.33
4.67,-0.999102,-0.0423763,2.335
4.68,-0.999476,-0.0323833,2.34
4.69,-0.999749,-0.0223871,2.345
4.7,-0.999923,-0.0123887,2.35
4.71,-0.999997,-0.00238898,2.355
4.72,-0.999971,0.00761095,2.36
4.73,-0.999845,0.0176101,2.365
4.74,-0.999619,0.0276075,2.37
4.75,-0.999293,0.0376022,2.375
4.76,-0.998867,0.047593,2.38
4.77,-0.998341,0.0575792,2.385
4.78,-0.997715,0.0675595,2.39
4.79,-0.99699,0.0775331,2.395
4.8,-0.996165,0.087499,2.4
4.81,-0.99524,0.0974561,2.405
4.82,-0.994216,0.107403,2.41
4.83,-0.993092,0.11734,2.415
4.84,-0.991869,0.127265,2.42
4.85,-0.990547,0.137177,2.425
4.86,-0.989125,0.147076,2.43
4.87,-0.987605,0.156959,2.435
4.88,-0.985986,0.166827,2.44
4.89,-0.984269,0.176679,2.445
4.9,-0.982453,0.186512,2.45
4.91,-0.980538,0.196327,2.455
4.92,-0.978526,0.206123,2.46
4.93,-0.976416,0.215898,2.465
4.94,-0.974208,0.225651,2.47
4.95,-0.971903,0.235381,2.475
4.96,-0.969501,0.245089,2.48
4.97,-0.967001,0.254771,2.485
4.98,-0.964405,0.264428,2.49
4.99,-0.961713,0.274059,2.495
5,-0.958924,0.283662,2.5
5.01,-0.95604,0.293237,2.505
5.02,-0.95306,0.302783,2.51
5.03,-0.949984,0.312298,2.515
5.04,-0.946814,0.321782,2.52
5.05,-0.943549,0.331234,2.525
5.06,-0.940189,0.340653,2.53
5.07,-0.936736,0.350037,2.535
5.08,-0.933189,0.359387,2.54
5.09,-0.929548,0.368701,2.545
5.1,-0.925815,0.377978,2.55
5.11,-0.921989,0.387217,2.555
5.12,-0.91807,0.396417,2.56
5.13,-0.91406,0.405578,2.565
5.14,-0.909959,0.414698,2.57
5.15,-0.905767,0.423777,2.575
5.16,-0.901484,0.432813,2.58
5.17,-0.897111,0.441806,2.585
5.18,-0.892648,0.450755,2.59
5.19,-0.888096,0.459659,2.595
5.2,-0.883455,0.468517,2.6
5.21,-0.878725,0.477328,2.605
5.22,-0.873908,0.486091,2.61
5.23,-0.869004,0.494806,2.615
5.24,-0.864012,0.503471,2.62
5.25,-0.858934,0.512085,2.625
5.26,-0.853771,0.520649,2.63
5.27,-0.848522,0.529161,2.635
5.28,-0.843188,0.537619,2.64
5.29,-0.837769,0.546024,2.645
5.3,-0.832267,0.554374,2.65
5.31,-0.826682,0.562669,2.655
5.32,-0.821014,0.570908,2.66
5.33,-0.815264,0.579089,2.665
5.34,-0.809433,0.587213,2.67
5.35,-0.80352,0.595278,2.675
5.36,-0.797527,0.603283,2.68
5.37,-0.791455,0.611228,2.685
5.38,-0.785303,0.619112,2.69
5.39,-0.779073,0.626934,2.695
5.4,-0.772764,0.634693,2.7
5.41,-0.766379,0.642389,2.705
5.42,-0.759917,0.65002,2.71
5.43,-0.753379,0.657587,2.715
5.44,-0.746765,0.665088,2.72
5.45,-0.740077,0.672522,2.725
5.46,-0.733315,0.679889,2.73
5.47,-0.72648,0.687188,2.735
5.48,-0.719572,0.694418,2.74
5.49,-0.712592,0.701579,2.745
5.5,-0.70554,0.70867,2.75
5.51,-0.698418,0.71569,2.755
5.52,-0.691227,0.722638,2.76
5.53,-0.683966,0.729514,2.765
5.54,-0.676637,0.736317,2.77
5.55,-0.66924,0.743046,2.775
5.56,-0.661776,0.749702,2.78
5.57,-0.654246,0.756282,2.785
5.58,-0.646651,0.762786,2.79
5.59,-0.638991,0.769215,2.795
5.6,-0.631267,0.775566,2.8
5.61,-0.62348,0.78184,2.805
5.62,-0.61563,0.788035,2.81
5.63,-0.607719,0.794152,2.815
5.64,-0.599747,0.800189,2.82
5.65,-0.591716,0.806147,2.825
5.66,-0.583625,0.812024,2.83
5.67,-0.575475,0.817819,2.835
5.68,-0.567269,0.823533,2.84
5.69,-0.559005,0.829164,2.845
5.7,-0.550686,0.834713,2.85
5.71,-0.542311,0.840178,2.855
5.72,-0.533882,0.845559,2.86
5.73,-0.5254,0.850855,2.865
5.74,-0.516865,0.856067,2.87
5.75,-0.508279,0.861192,2.875
5.76,-0.499642,0.866232,2.88
5.77,-0.490955,0.871185,2.885
5.78,-0.482218,0.876051,2.89
5.79,-0.473434,0.880829,2.895
5.8,-0.464602,0.88552,2.9
5.81,-0.455724,0.890121,2.905
5.82,-0.4468,0.894634,2.91
5.83,-0.437832,0.899057,2.915
5.84,-0.428819,0.90339,2.92
5.85,-0.419764,0.907633,2.925
5.86,-0.410667,0.911785,2.93
5.87,-0.401529,0.915846,2.935
5.88,-0.39235,0.919816,2.94
5.89,-0.383133,0.923693,2.945
5.9,-0.373877,0.927478,2.95
5.91,-0.364583,0.931171,2.955
5.92,-0.355254,0.93477,2.96
5.93,-0.345888,0.938276,2.965
5.94,-0.336488,0.941688,2.97
5.95,-0.327055,0.945005,2.975
5.96,-0.317589,0.948229,2.98
5.97,-0.308091,0.951357,2.985
5.98,-0.298562,0.95439,2.99
5.99,-0.289003,0.957328,2.995
6,-0.279415,0.96017,3
6.01,-0.2698,0.962916,3.005
6.02,-0.260157,0.965566,3.01
6.03,-0.250489,0.968119,3.015
6.04,-0.240795,0.970576,3.02
6.05,-0.231078,0.972935,3.025
6.06,-0.221337,0.975197,3.03
6.07,-0.211574,0.977362,3.035
6.08,-0.20179,0.979429,3.04
6.09,-0.191986,0.981398,3.045
6.1,-0.182163,0.983268,3.05
6.11,-0.172321,0.985041,3.055
6.12,-0.162462,0.986715,3.06
6.13,-0.152587,0.98829,3.065
6.14,-0.142697,0.989766,3.07
6.15,-0.132792,0.991144,3.075
6.16,-0.122874,0.992422,3.08
6.17,-0.112944,0.993601,3.085
6.18,-0.103002,0.994681,3.09
6.19,-0.0930505,0.995661,3.095
6.2,-0.0830894,0.996542,3.1
6.21,-0.07312,0.997323,3.105
6.22,-0.0631433,0.998004,3.11
6.23,-0.0531602,0.998586,3.115
6.24,-0.0431719,0.999068,3.12
6.25,-0.0331792,0.999449,3.125
6.26,-0.0231832,0.999731,3.13
6.27,-0.0131849,0.999913,3.135
6.28,-0.0031853,0.999995,3.14
6.29,0.00681464,0.999977,3.145
6.3,0.0168139,0.999859,3.15
6.31,0.0268115,0.999641,3.155
6.32,0.0368064,0.999322,3.16
6.33,0.0467976,0.998904,3.165
6.34,0.0567841,0.998386,3.17
6.35,0.066765,0.997769,3.175
6.36,0.0767392,0.997051,3.18
6.37,0.0867057,0.996234,3.185
6.38,0.0966635,0.995317,3.19
6.39,0.106612,0.994301,3.195
6.4,0.116549,0.993185,3.2
6.41,0.126475,0.99197,3.205
6.42,0.136388,0.990655,3.21
6.43,0.146288,0.989242,3.215
6.44,0.156173,0.98773,3.22
6.45,0.166042,0.986119,3.225
6.46,0.175895,0.984409,3.23
6.47,0.18573,0.982601,3.235
6.48,0.195547,0.980694,3.24
6.49,0.205344,0.97869,3.245
6.5,0.21512,0.976588,3.25
6.51,0.224875,0.974388,3.255
6.52,0.234607,0.97209,3.26
6.53,0.244316,0.969696,3.265
6.54,0.254001,0.967204,3.27
6.55,0.26366,0.964616,3.275
6.56,0.273293,0.961931,3.28
6.57,0.282898,0.95915,3.285
6.58,0.292476,0.956273,3.29
6.59,0.302024,0.9533,3.295
6.6,0.311541,0.950233,3.3
6.61,0.321028,0.94707,3.305
6.62,0.330482,0.943812,3.31
6.63,0.339904,0.94046,3.315
6.64,0.349291,0.937014,3.32
6.65,0.358644,0.933474,3.325
6.66,0.367961,0.929841,3.33
6.67,0.37724,0.926115,3.335
6.68,0.386483,0.922297,3.34
6.69,0.395686,0.918386,3.345
6.7,0.40485,0.914383,3.35
6.71,0.413973,0.910289,3.355
6.72,0.423055,0.906104,3.36
6.73,0.432095,0.901828,3.365
6.74,0.441092,0.897462,3.37
6.75,0.450044,0.893006,3.375
6.76,0.458951,0.888461,3.38
6.77,0.467813,0.883827,3.385
6.78,0.476628,0.879105,3.39
6.79,0.485395,0.874295,3.395
6.8,0.494113,0.869397,3.4
6.81,0.502782,0.864413,3.405
6.82,0.511401,0.859342,3.41
6.83,0.519969,0.854185,3.415
6.84,0.528485,0.848943,3.42
6.85,0.536948,0.843616,3.425
6.86,0.545357,0.838204,3.43
6.87,0.553711,0.832709,3.435
6.88,0.562011,0.82713,3.44
6.89,0.570254,0.821469,3.445
6.9,0.57844,0.815725,3.45
6.91,0.586568,0.8099,3.455
6.92,0.594637,0.803994,3.46
6.93,0.602648,0.798007,3.465
6.94,0.610597,0.791941,3.47
6.95,0.618486,0.785796,3.475
6.96,0.626313,0.779572,3.48
6.97,0.634077,0.77327,3.485
6.98,0.641778,0.76689,3.49
6.99,0.649415,0.760434,3.495
7,0.656987,0.753902,3.5
7.01,0.664493,0.747295,3.505
7.02,0.671932,0.740613,3.51
7.03,0.679305,0.733856,3.515
7.04,0.686609,0.727027,3.52
7.05,0.693845,0.720124,3.525
7.06,0.701011,0.71315,3.53
7.07,0.708108,0.706104,3.535
7.08,0.715133,0.698988,3.54
7.09,0.722087,0.691802,3.545
7.1,0.728969,0.684547,3.55
7.11,0.735778,0.677223,3.555
7.12,0.742513,0.669831,3.56
7.13,0.749174,0.662373,3.565
7.14,0.755761,0.654848,3.57
7.15,0.762271,0.647258,3.575
7.16,0.768705,0.639603,3.58
7.17,0.775063,0.631884,3.585
7.18,0.781343,0.624102,3.59
7.19,0.787545,0.616257,3.595
7.2,0.793668,0.608351,3.6
7.21,0.799712,0.600384,3.605
7.22,0.805675,0.592357,3.61
7.23,0.811559,0.584271,3.615
7.24,0.817361,0.576126,3.62
7.25,0.823081,0.567924,3.625
7.26,0.828719,0.559665,3.63
7.27,0.834274,0.55135,3.635
7.28,0.839746,0.54298,3.64
7.29,0.845133,0.534555,3.645
7.3,0.850437,0.526078,3.65
7.31,0.855655,0.517547,3.655
7.32,0.860787,0.508965,3.66
7.33,0.865834,0.500332,3.665
7.34,0.870794,0.491648,3.67
7.35,0.875667,0.482916,3.675
7.36,0.880452,0.474135,3.68
7.37,0.885149,0.465307,3.685
7.38,0.889758,0.456433,3.69
7.39,0.894278,0.447512,3.695
7.4,0.898708,0.438547,3.7
7.41,0.903049,0.429538,3.705
7.42,0.907299,0.420487,3.71
7.43,0.911458,0.411393,3.715
7.44,0.915526,0.402258,3.72
7.45,0.919503,0.393083,3.725
7.46,0.923388,0.383868,3.73
7.47,0.92718,0.374615,3.735
7.48,0.93088,0.365325,3.74
7.49,0.934487,0.355998,3.745
7.5,0.938,0.346635,3.75
7.51,0.941419,0.337238,3.755
7.52,0.944745,0.327807,3.76
7.53,0.947975,0.318344,3.765
7.54,0.951111,0.308848,3.77
7.55,0.954152,0.299322,3.775
7.56,0.957098,0.289765,3.78
7.57,0.959947,0.28018,3.785
7.58,0.962701,0.270567,3.79
7.59,0.965359,0.260926,3.795
7.6,0.96792,0.25126,3.8
7.61,0.970384,0.241568,3.805
7.62,0.972751,0.231852,3.81
7.63,0.975021,0.222114,3.815
7.64,0.977193,0.212352,3.82
7.65,0.979268,0.20257,3.825
7.66,0.981244,0.192767,3.83
7.67,0.983123,0.182945,3.835
7.68,0.984903,0.173105,3.84
7.69,0.986585,0.163248,3.845
7.7,0.988168,0.153374,3.85
7.71,0.989653,0.143485,3.855
7.72,0.991038,0.133581,3.86
7.73,0.992324,0.123664,3.865
7.74,0.993511,0.113735,3.87
7.75,0.994599,0.103794,3.875
7.76,0.995587,0.0938433,3.88
7.77,0.996476,0.0838829,3.885
7.78,0.997265,0.0739142,3.89
7.79,0.997954,0.063938,3.895
7.8,0.998543,0.0539554,3.9
7.81,0.999033,0.0439675,3.905
7.82,0.999423,0.0339751,3.91
7.83,0.999712,0.0239793,3.915
7.84,0.999902,0.0139812,3.92
7.85,0.999992,0.00398162,3.925
7.86,0.999982,-0.00601833,3.93
7.87,0.999872,-0.0160177,3.935
7.88,0.999662,-0.0260154,3.94
7.89,0.999351,-0.0360106,3.945
7.9,0.998941,-0.0460021,3.95
7.91,0.998431,-0.0559891,3.955
7.92,0.997822,-0.0659704,3.96
7.93,0.997112,-0.0759452,3.965
7.94,0.996303,-0.0859123,3.97
7.95,0.995394,-0.0958709,3.975
7.96,0.994385,-0.10582,3.98
7.97,0.993277,-0.115758,3.985
7.98,0.99207,-0.125685,3.99
7.99,0.990764,-0.135599,3.995
8,0.989358,-0.1455,4
8.01,0.987854,-0.155386,4.005
8.02,0.986251,-0.165257,4.01
8.03,0.984549,-0.175111,4.015
8.04,0.982748,-0.184947,4.02
8.05,0.98085,-0.194765,4.025
8.06,0.978853,-0.204564,4.03
8.07,0.976759,-0.214342,4.035
8.08,0.974566,-0.224099,4.04
8.09,0.972277,-0.233833,4.045
8.1,0.96989,-0.243544,4.05
8.11,0.967406,-0.253231,4.055
8.12,0.964825,-0.262892,4.06
8.13,0.962148,-0.272527,4.065
8.14,0.959375,-0.282135,4.07
8.15,0.956506,-0.291714,4.075
8.16,0.953541,-0.301264,4.08
8.17,0.95048,-0.310785,4.085
8.18,0.947325,-0.320274,4.09
8.19,0.944075,-0.329731,4.095
8.2,0.940731,-0.339155,4.1
8.21,0.937292,-0.348545,4.105
8.22,0.93376,-0.3579,4.11
8.23,0.930134,-0.36722,4.115
8.24,0.926415,-0.376503,4.12
8.25,0.922604,-0.385748,4.125
8.26,0.918701,-0.394955,4.13
8.27,0.914705,-0.404122,4.135
8.28,0.910618,-0.413248,4.14
8.29,0.90644,-0.422334,4.145
8.3,0.902172,-0.431377,4.15
8.31,0.897813,-0.440377,4.155
8.32,0.893364,-0.449333,4.16
8.33,0.888827,-0.458244,4.165
8.34,0.8842,-0.467109,4.17
8.35,0.879484,-0.475928,4.175
8.36,0.874681,-0.484698,4.18
8.37,0.869791,-0.493421,4.185
8.38,0.864813,-0.502094,4.19
8.39,0.859749,-0.510717,4.195
8.4,0.854599,-0.519289,4.2
8.41,0.849363,-0.527809,4.205
8.42,0.844043,-0.536276,4.21
8.43,0.838638,-0.544689,4.215
8.44,0.833149,-0.553048,4.22
8.45,0.827577,-0.561352,4.225
8.46,0.821922,-0.569599,4.23
8.47,0.816185,-0.57779,4.235
8.48,0.810367,-0.585923,4.24
8.49,0.804467,-0.593997,4.245
8.5,0.798487,-0.602012,4.25
8.51,0.792427,-0.609967,4.255
8.52,0.786288,-0.61786,4.26
8.53,0.78007,-0.625692,4.265
8.54,0.773774,-0.633461,4.27
8.55,0.767401,-0.641167,4.275
8.56,0.760951,-0.648809,4.28
8.57,0.754425,-0.656386,4.285
8.58,0.747824,-0.663897,4.29
8.59,0.741147,-0.671342,4.295
8.6,0.734397,-0.67872,4.3
8.61,0.727573,-0.68603,4.305
8.62,0.720677,-0.693271,4.31
8.63,0.713708,-0.700443,4.315
8.64,0.706668,-0.707545,4.32
8.65,0.699557,-0.714576,4.325
8.66,0.692377,-0.721536,4.33
8.67,0.685127,-0.728424,4.335
8.68,0.677809,-0.735238,4.34
8.69,0.670422,-0.74198,4.345
8.7,0.662969,-0.748647,4.35
8.71,0.65545,-0.755239,4.355
8.72,0.647865,-0.761755,4.36
8.73,0.640215,-0.768196,4.365
8.74,0.632501,-0.77456,4.37
8.75,0.624724,-0.780846,4.375
8.76,0.616884,-0.787054,4.38
8.77,0.608983,-0.793183,4.385
8.78,0.601021,-0.799233,4.39
8.79,0.592999,-0.805203,4.395
8.8,0.584917,-0.811093,4.4
8.81,0.576777,-0.816902,4.405
8.82,0.568579,-0.822628,4.41
8.83,0.560325,-0.828273,4.415
8.84,0.552014,-0.833835,4.42
8.85,0.543648,-0.839313,4.425
8.86,0.535228,-0.844707,4.43
8.87,0.526755,-0.850017,4.435
8.88,0.518228,-0.855242,4.44
8.89,0.50965,-0.860382,4.445
8.9,0.501021,-0.865435,4.45
8.91,0.492342,-0.870402,4.455
8.92,0.483613,-0.875282,4.46
8.93,0.474836,-0.880074,4.465
8.94,0.466012,-0.884778,4.47
8.95,0.457141,-0.889394,4.475
8.96,0.448224,-0.893921,4.48
8.97,0.439263,-0.898359,4.485
8.98,0.430257,-0.902706,4.49
8.99,0.421209,-0.906964,4.495
9,0.412118,-0.91113,4.5
9.01,0.402987,-0.915206,4.505
9.02,0.393815,-0.91919,4.51
9.03,0.384603,-0.923082,4.515
9.04,0.375353,-0.926882,4.52
9.05,0.366066,-0.930589,4.525
9.06,0.356742,-0.934203,4.53
9.07,0.347382,-0.937724,4.535
9.08,0.337988,-0.941151,4.54
9.09,0.328559,-0.944483,4.545
9.1,0.319098,-0.947722,4.55
9.11,0.309605,-0.950865,4.555
9.12,0.300081,-0.953914,4.56
9.13,0.290527,-0.956867,4.565
9.14,0.280944,-0.959724,4.57
9.15,0.271333,-0.962485,4.575
9.16,0.261695,-0.965151,4.58
9.17,0.252031,-0.967719,4.585
9.18,0.242341,-0.970191,4.59
9.19,0.232627,-0.972566,4.595
9.2,0.22289,-0.974844,4.6
9.21,0.21313,-0.977024,4.605
9.22,0.20335,-0.979106,4.61
9.23,0.193549,-0.981091,4.615
9.24,0.183728,-0.982977,4.62
9.25,0.173889,-0.984765,4.625
9.26,0.164033,-0.986455,4.63
9.27,0.154161,-0.988046,4.635
9.28,0.144273,-0.989538,4.64
9.29,0.13437,-0.990931,4.645
9.3,0.124454,-0.992225,4.65
9.31,0.114526,-0.99342,4.655
9.32,0.104586,-0.994516,4.66
9.33,0.0946361,-0.995512,4.665
9.34,0.0846764,-0.996409,4.67
9.35,0.0747083,-0.997205,4.675
9.36,0.0647327,-0.997903,4.68
9.37,0.0547506,-0.9985,4.685
9.38,0.044763,-0.998998,4.69
9.39,0.034771,-0.999395,4.695
9.4,0.0247754,-0.999693,4.7
9.41,0.0147774,-0.999891,4.705
9.42,0.00477794,-0.999989,4.71
9.43,-0.00522202,-0.999986,4.715
9.44,-0.0152215,-0.999884,4.72
9.45,-0.0252194,-0.999682,4.725
9.46,-0.0352148,-0.99938,4.73
9.47,-0.0452066,-0.998978,4.735
9.48,-0.055194,-0.998476,4.74
9.49,-0.0651758,-0.997874,4.745
9.5,-0.0751511,-0.997172,4.75
9.51,-0.0851189,-0.996371,4.755
9.52,-0.0950782,-0.99547,4.76
9.53,-0.105028,-0.994469,4.765
9.54,-0.114967,-0.993369,4.77
9.55,-0.124895,-0.99217,4.775
9.56,-0.13481,-0.990871,4.78
9.57,-0.144712,-0.989474,4.785
9.58,-0.154599,-0.987977,4.79
9.59,-0.164471,-0.986382,4.795
9.6,-0.174327,-0.984688,4.8
9.61,-0.184165,-0.982895,4.805
9.62,-0.193984,-0.981005,4.81
9.63,-0.203785,-0.979016,4.815
9.64,-0.213564,-0.976929,4.82
9.65,-0.223323,-0.974745,4.825
9.66,-0.233059,-0.972463,4.83
9.67,-0.242772,-0.970083,4.835
9.68,-0.25246,-0.967607,4.84
9.69,-0.262124,-0.965034,4.845
9.7,-0.271761,-0.962365,4.85
9.71,-0.281371,-0.959599,4.855
9.72,-0.290952,-0.956738,4.86
9.73,-0.300505,-0.95378,4.865
9.74,-0.310028,-0.950728,4.87
9.75,-0.319519,-0.94758,4.875
9.76,-0.328979,-0.944337,4.88
9.77,-0.338406,-0.941,4.885
9.78,-0.347799,-0.937569,4.89
9.79,-0.357157,-0.934044,4.895
9.8,-0.366479,-0.930426,4.9
9.81,-0.375765,-0.926715,4.905
9.82,-0.385013,-0.922911,4.91
9.83,-0.394223,-0.919015,4.915
9.84,-0.403393,-0.915027,4.92
9.85,-0.412523,-0.910947,4.925
9.86,-0.421612,-0.906776,4.93
9.87,-0.430658,-0.902515,4.935
9.88,-0.439662,-0.898163,4.94
9.89,-0.448621,-0.893722,4.945
9.9,-0.457536,-0.889191,4.95
9.91,-0.466405,-0.884571,4.955
9.92,-0.475227,-0.879863,4.96
9.93,-0.484002,-0.875067,4.965
9.94,-0.492728,-0.870183,4.97
9.95,-0.501405,-0.865213,4.975
9.96,-0.510032,-0.860155,4.98
9.97,-0.518608,-0.855012,4.985
9.98,-0.527132,-0.849783,4.99
9.99,-0.535603,-0.84447,4.995
10,-0.544021,-0.839072,5
10.01,-0.552384,-0.833589,5.005
10.02,-0.560693,-0.828024,5.01
10.03,-0.568945,-0.822376,5.015
10.04,-0.57714,-0.816645,5.02
10.05,-0.585277,-0.810833,5.025
10.06,-0.593356,-0.80494,5.03
10.07,-0.601376,-0.798966,5.035
10.08,-0.609335,-0.792913,5.04
10.09,-0.617234,-0.78678,5.045
10.1,-0.625071,-0.780568,5.05
10.11,-0.632845,-0.774279,5.055
10.12,-0.640556,-0.767911,5.06
10.13,-0.648203,-0.761468,5.065
10.14,-0.655785,-0.754948,5.07
10.15,-0.663302,-0.748352,5.075
10.16,-0.670752,-0.741682,5.08
10.17,-0.678135,-0.734937,5.085
10.18,-0.68545,-0.728119,5.09
10.19,-0.692697,-0.721229,5.095
10.2,-0.699875,-0.714266,5.1
10.21,-0.706982,-0.707231,5.105
10.22,-0.714019,-0.700126,5.11
10.23,-0.720985,-0.692951,5.115
10.24,-0.727878,-0.685707,5.12
10.25,-0.734698,-0.678394,5.125
10.26,-0.741446,-0.671013,5.13
10.27,-0.748118,-0.663565,5.135
10.28,-0.754717,-0.656051,5.14
10.29,-0.761239,-0.648471,5.145
10.3,-0.767686,-0.640826,5.15
10.31,-0.774056,-0.633118,5.155
10.32,-0.780348,-0.625346,5.16
10.33,-0.786562,-0.617511,5.165
10.34,-0.792698,-0.609615,5.17
10.35,-0.798754,-0.601657,5.175
10.36,-0.804731,-0.59364,5.18
10.37,-0.810627,-0.585563,5.185
10.38,-0.816442,-0.577427,5.19
10.39,-0.822175,-0.569234,5.195
10.4,-0.827826,-0.560984,5.2
10.41,-0.833395,-0.552678,5.205
10.42,-0.83888,-0.544317,5.21
10.43,-0.844281,-0.535901,5.215
10.44,-0.849598,-0.527431,5.22
10.45,-0.854829,-0.518909,5.225
10.46,-0.859976,-0.510335,5.23
10.47,-0.865036,-0.50171,5.235
10.48,-0.87001,-0.493035,5.24
10.49,-0.874896,-0.48431,5.245
10.5,-0.879696,-0.475537,5.25
10.51,-0.884407,-0.466716,5.255
10.52,-0.88903,-0.457849,5.26
10.53,-0.893564,-0.448936,5.265
10.54,-0.898009,-0.439978,5.27
10.55,-0.902363,-0.430976,5.275
10.56,-0.906628,-0.421931,5.28
10.57,-0.910802,-0.412844,5.285
10.58,-0.914885,-0.403715,5.29
10.59,-0.918876,-0.394547,5.295
10.6,-0.922775,-0.385338,5.3
10.61,-0.926583,-0.376091,5.305
10.62,-0.930297,-0.366807,5.31
10.63,-0.933919,-0.357486,5.315
10.64,-0.937447,-0.348129,5.32
10.65,-0.940881,-0.338737,5.325
10.66,-0.944221,-0.329311,5.33
10.67,-0.947467,-0.319853,5.335
10.68,-0.950618,-0.310362,5.34
10.69,-0.953674,-0.300841,5.345
10.7,-0.956635,-0.291289,5.35
10.71,-0.9595,-0.281709,5.355
10.72,-0.962269,-0.2721,5.36
10.73,-0.964942,-0.262463,5.365
10.74,-0.967518,-0.252801,5.37
10.75,-0.969998,-0.243113,5.375
10.76,-0.97238,-0.233401,5.38
10.77,-0.974666,-0.223666,5.385
10.78,-0.976854,-0.213908,5.39
10.79,-0.978944,-0.204129,5.395
10.8,-0.980936,-0.19433,5.4
10.81,-0.98283,-0.184511,5.405
10.82,-0.984626,-0.174674,5.41
10.83,-0.986324,-0.164819,5.415
10.84,-0.987923,-0.154947,5.42
10.85,-0.989423,-0.145061,5.425
10.86,-0.990824,-0.135159,5.43
10.87,-0.992126,-0.125245,5.435
10.88,-0.993329,-0.115317,5.44
10.89,-0.994432,-0.105378,5.445
10.9,-0.995436,-0.0954289,5.45
10.91,-0.996341,-0.0854699,5.455
10.92,-0.997146,-0.0755024,5.46
10.93,-0.997851,-0.0655273,5.465
10.94,-0.998456,-0.0555457,5.47
10.95,-0.998962,-0.0455585,5.475
10.96,-0.999367,-0.0355668,5.48
10.97,-0.999673,-0.0255715,5.485
10.98,-0.999879,-0.0155737,5.49
10.99,-0.999984,-0.00557426,5.495
11,-0.99999,0.0044257,5.5
11.01,-0.999896,0.0144252,5.505
11.02,-0.999702,0.0244233,5.51
11.03,-0.999407,0.0344189,5.515
11.04,-0.999013,0.0444111,5.52
11.05,-0.998519,0.0543988,5.525
11.06,-0.997925,0.0643812,5.53
11.07,-0.997232,0.074357,5.535
11.08,-0.996438,0.0843255,5.54
11.09,-0.995545,0.0942855,5.545
11.1,-0.994553,0.104236,5.55
11.11,-0.993461,0.114176,5.555
11.12,-0.992269,0.124105,5.56
11.13,-0.990978,0.134021,5.565
11.14,-0.989589,0.143924,5.57
11.15,-0.9881,0.153813,5.575
11.16,-0.986513,0.163686,5.58
11.17,-0.984826,0.173543,5.585
11.18,-0.983042,0.183382,5.59
11.19,-0.981159,0.193203,5.595
11.2,-0.979178,0.203005,5.6
11.21,-0.977099,0.212786,5.605
11.22,-0.974922,0.222547,5.61
11.23,-0.972648,0.232284,5.615
11.24,-0.970276,0.241999,5.62
11.25,-0.967808,0.25169,5.625
11.26,-0.965243,0.261355,5.63
11.27,-0.962581,0.270994,5.635
11.28,-0.959823,0.280606,5.64
11.29,-0.956969,0.29019,5.645
11.3,-0.954019,0.299745,5.65
11.31,-0.950974,0.30927,5.655
11.32,-0.947834,0.318765,5.66
11.33,-0.944599,0.328227,5.665
11.34,-0.94127,0.337656,5.67
11.35,-0.937846,0.347052,5.675
11.36,-0.934329,0.356413,5.68
11.37,-0.930718,0.365738,5.685
11.38,-0.927014,0.375027,5.69
11.39,-0.923217,0.384278,5.695
11.4,-0.919329,0.393491,5.7
11.41,-0.915348,0.402664,5.705
11.42,-0.911275,0.411798,5.71
11.43,-0.907112,0.42089,5.715
11.44,-0.902858,0.429939,5.72
11.45,-0.898513,0.438946,5.725
11.46,-0.894079,0.447909,5.73
11.47,-0.889555,0.456828,5.735
11.48,-0.884943,0.4657,5.74
11.49,-0.880241,0.474526,5.745
11.5,-0.875452,0.483305,5.75
11.51,-0.870575,0.492035,5.755
11.52,-0.865612,0.500716,5.76
11.53,-0.860561,0.509347,5.765
11.54,-0.855425,0.517927,5.77
11.55,-0.850203,0.526455,5.775
11.56,-0.844896,0.534931,5.78
11.57,-0.839504,0.543353,5.785
11.58,-0.834029,0.551721,5.79
11.59,-0.82847,0.560033,5.795
11.6,-0.822829,0.56829,5.8
11.61,-0.817105,0.576489,5.805
11.62,-0.811299,0.584631,5.81
11.63,-0.805412,0.592715,5.815
11.64,-0.799445,0.600739,5.82
11.65,-0.793398,0.608704,5.825
11.66,-0.787271,0.616607,5.83
11.67,-0.781066,0.624449,5.835
11.68,-0.774782,0.632228,5.84
11.69,-0.768421,0.639944,5.845
11.7,-0.761984,0.647596,5.85
11.71,-0.75547,0.655184,5.855
11.72,-0.74888,0.662705,5.86
11.73,-0.742216,0.670161,5.865
11.74,-0.735477,0.67755,5.87
11.75,-0.728665,0.68487,5.875
11.76,-0.72178,0.692123,5.88
11.77,-0.714823,0.699306,5.885
11.78,-0.707794,0.706419,5.89
11.79,-0.700695,0.713461,5.895
11.8,-0.693525,0.720432,5.9
11.81,-0.686286,0.727332,5.905
11.82,-0.678979,0.734158,5.91
11.83,-0.671603,0.740911,5.915
11.84,-0.664161,0.74759,5.92
11.85,-0.656652,0.754194,5.925
11.86,-0.649077,0.760723,5.93
11.87,-0.641438,0.767175,5.935
11.88,-0.633734,0.773551,5.94
11.89,-0.625967,0.77985,5.945
11.9,-0.618137,0.78607,5.95
11.91,-0.610246,0.792212,5.955
11.92,-0.602293,0.798275,5.96
11.93,-0.59428,0.804258,5.965
11.94,-0.586208,0.81016,5.97
11.95,-0.578077,0.815982,5.975
11.96,-0.569889,0.821722,5.98
11.97,-0.561643,0.827379,5.985
11.98,-0.553342,0.832954,5.99
11.99,-0.544984,0.838446,5.995
12,-0.536573,0.843854,6
12.01,-0.528108,0.849177,6.005
12.02,-0.51959,0.854416,6.01
12.03,-0.51102,0.859569,6.015
12.04,-0.502399,0.864636,6.02
12.05,-0.493727,0.869617,6.025
12.06,-0.485007,0.874511,6.03
12.07,-0.476237,0.879317,6.035
12.08,-0.46742,0.884035,6.04
12.09,-0.458557,0.888665,6.045
12.1,-0.449647,0.893206,6.05
12.11,-0.440693,0.897658,6.055
12.12,-0.431695,0.90202,6.06
12.13,-0.422653,0.906292,6.065
12.14,-0.413569,0.910473,6.07
12.15,-0.404444,0.914563,6.075
12.16,-0.395278,0.918561,6.08
12.17,-0.386073,0.922468,6.085
12.18,-0.376829,0.926283,6.09
12.19,-0.367548,0.930005,6.095
12.2,-0.358229,0.933634,6.1
12.21,-0.348875,0.937169,6.105
12.22,-0.339486,0.940611,6.11
12.23,-0.330063,0.943959,6.115
12.24,-0.320607,0.947212,6.12
12.25,-0.311119,0.950371,6.125
12.26,-0.3016,0.953434,6.13
12.27,-0.292051,0.956403,6.135
12.28,-0.282473,0.959275,6.14
12.29,-0.272866,0.962052,6.145
12.3,-0.263232,0.964733,6.15
12.31,-0.253571,0.967317,6.155
12.32,-0.243886,0.969804,6.16
12.33,-0.234176,0.972194,6.165
12.34,-0.224442,0.974487,6.17
12.35,-0.214686,0.976683,6.175
12.36,-0.204909,0.978781,6.18
12.37,-0.195111,0.980781,6.185
12.38,-0.185294,0.982683,6.19
12.39,-0.175458,0.984487,6.195
12.4,-0.165604,0.986192,6.2
12.41,-0.155734,0.987799,6.205
12.42,-0.145849,0.989307,6.21
12.43,-0.135948,0.990716,6.215
12.44,-0.126035,0.992026,6.22
12.45,-0.116108,0.993237,6.225
12.46,-0.10617,0.994348,6.23
12.47,-0.0962215,0.99536,6.235
12.48,-0.0862633,0.996272,6.24
12.49,-0.0762964,0.997085,6.245
12.5,-0.0663219,0.997798,6.25
12.51,-0.0563408,0.998412,6.255
12.52,-0.046354,0.998925,6.26
12.53,-0.0363626,0.999339,6.265
12.54,-0.0263676,0.999652,6.27
12.55,-0.0163699,0.999866,6.275
12.56,-0.00637057,0.99998,6.28
12.57,0.00362938,0.999993,6.285
12.58,0.013629,0.999907,6.29
12.59,0.0236272,0.999721,6.295
12.6,0.033623,0.999435,6.3
12.61,0.0436155,0.999048,6.305
12.62,0.0536037,0.998562,6.31
12.63,0.0635865,0.997976,6.315
12.64,0.0735629,0.997291,6.32
12.65,0.0835319,0.996505,6.325
12.66,0.0934926,0.99562,6.33
12.67,0.103444,0.994635,6.335
12.68,0.113385,0.993551,6.34
12.69,0.123315,0.992368,6.345
